adform.com,9f5210a2f0999e32
advertising.com,e1a5b5b6e3255540
adyoulike.com,4ad745ead2958bf7
appnexus.com,f5ab79cb980f11d1
contextweb.com,89ff185a4c4e857c
dailymotion.com,fd25240165056a01
google.com,f08c47fec0942fa0
indexexchange.com,50b1c356f2c5c8fc
openx.com,6a698e2ec38604c6
pubmatic.com,5d62403b186f2ace
rhythmone.com,a670c89d4a324e47
rubiconproject.com,0bfd66d529a55807
sovrn.com,fafdf38b16bf6b2b
spotx.tv,7842df1d2fe2db34
spotxchange.com,7842df1d2fe2db34
taboola.com,c228e6794e811952
teads.tv,15a9c44f6d26cbe1
tremorhub.com,1a4e959a1b50034a
yahoo.com,e1a5b5b6e3255540
